{"abstract-citations-response":{"h-index":"0","identifier-legend":{"identifier": [{"@_fa": "true", "dc:identifier":"SCOPUS_ID:85045332393","prism:doi":"10.1007/978-3-319-77700-9_20","pii":null,"scopus_id":"85045332393"}]},"citeInfoMatrix":{"citeInfoMatrixXML":{"citationMatrix":{"citeInfo": [{"@_fa": "true", "dc:identifier":"SCOPUS_ID:85045332393","prism:url":"https://api.elsevier.com/content/abstract/scopus_id/85045332393","dc:title":"Mobile collaborative augmented reality and business intelligence: A system to support elderly people’s self-care","author": [{"@_fa": "true", "initials":"M.","index-name":"Esteves M.","surname":"Esteves","authid":"57190578404","author-url":"https://api.elsevier.com/content/author/author_id/57190578404"},{"@_fa": "true", "initials":"F.","index-name":"Miranda F.","surname":"Miranda","authid":"57190576676","author-url":"https://api.elsevier.com/content/author/author_id/57190576676"},{"@_fa": "true", "initials":"J.","index-name":"Machado J.","surname":"Machado","authid":"56196003100","author-url":"https://api.elsevier.com/content/author/author_id/56196003100"},{"@_fa": "true", "initials":"A.","index-name":"Abelha A.","surname":"Abelha","authid":"6506287527","author-url":"https://api.elsevier.com/content/author/author_id/6506287527"}],"citationType":{"@code": "cp", "$" :"Conference Paper"},"sort-year":"2018","prism:publicationName":"Advances in Intelligent Systems and Computing","prism:volume":"747","prism:startingPage":"195","prism:endingPage":"204","prism:issn":"2194-5357","pcc":"0","cc": [{"$" :"0"},{"$" :"0"},{"$" :"0"}],"lcc":"0","rangeCount":"0","rowTotal":"0"}]}}},"citeColumnTotalXML":{"citeCountHeader":{"prevColumnHeading":"previous","columnHeading": [{"$" :"2016"},{"$" :"2017"},{"$" :"2018"}],"laterColumnHeading":"later","prevColumnTotal":"0","columnTotal": [{"$" :"0"},{"$" :"0"},{"$" :"0"}],"laterColumnTotal":"0","rangeColumnTotal":"0","grandTotal":"0"}}}}